gpu,mtx,O,algo,ms,gflops,segw,bundle,tileK,repeat
A100,/home/tiahi.m/projects/sparse-vs-dense-matmul/data/cant/cant/cant.mtx,8,cusparse,6.347,5.13,4,32,64,10
A100,/home/tiahi.m/projects/sparse-vs-dense-matmul/data/cant/cant/cant.mtx,8,csr,0.242,134.39,4,32,64,10
A100,/home/tiahi.m/projects/sparse-vs-dense-matmul/data/cant/cant/cant.mtx,8,vcsr,0.745,43.67,4,32,64,10
A100,/home/tiahi.m/projects/sparse-vs-dense-matmul/data/cant/cant/cant.mtx,32,cusparse,1.322,98.48,4,32,64,10
A100,/home/tiahi.m/projects/sparse-vs-dense-matmul/data/cant/cant/cant.mtx,32,csr,2.566,50.76,4,32,64,10
A100,/home/tiahi.m/projects/sparse-vs-dense-matmul/data/cant/cant/cant.mtx,32,vcsr,2.525,51.57,4,32,64,10
A100,/home/tiahi.m/projects/sparse-vs-dense-matmul/data/cant/cant/cant.mtx,64,cusparse,1.392,187.14,4,32,64,10
A100,/home/tiahi.m/projects/sparse-vs-dense-matmul/data/cant/cant/cant.mtx,64,csr,5.315,49.01,4,32,64,10
A100,/home/tiahi.m/projects/sparse-vs-dense-matmul/data/cant/cant/cant.mtx,64,vcsr,4.414,59.01,4,32,64,10
A100,/home/tiahi.m/projects/sparse-vs-dense-matmul/data/cant/cant/cant.mtx,128,cusparse,1.425,365.60,4,32,64,10
A100,/home/tiahi.m/projects/sparse-vs-dense-matmul/data/cant/cant/cant.mtx,128,csr,9.999,52.10,4,32,64,10
A100,/home/tiahi.m/projects/sparse-vs-dense-matmul/data/cant/cant/cant.mtx,128,vcsr,8.625,60.40,4,32,64,10
A100,/home/tiahi.m/projects/sparse-vs-dense-matmul/data/cant/cant/cant.mtx,256,cusparse,1.674,622.37,4,32,64,10
A100,/home/tiahi.m/projects/sparse-vs-dense-matmul/data/cant/cant/cant.mtx,256,csr,21.948,47.47,4,32,64,10
A100,/home/tiahi.m/projects/sparse-vs-dense-matmul/data/cant/cant/cant.mtx,256,vcsr,17.474,59.62,4,32,64,10
A100,/home/tiahi.m/projects/sparse-vs-dense-matmul/data/cant/cant/cant.mtx,512,cusparse,2.153,967.95,4,32,64,10
A100,/home/tiahi.m/projects/sparse-vs-dense-matmul/data/cant/cant/cant.mtx,512,csr,45.265,46.03,4,32,64,10
A100,/home/tiahi.m/projects/sparse-vs-dense-matmul/data/cant/cant/cant.mtx,512,vcsr,35.097,59.37,4,32,64,10
