gpu,mtx,O,algo,ms,gflop_s,segw,bundle,tileK,repeat
H100,/home/tiahi.m/projects/sparse-vs-dense-matmul/data/cant/cant/cant.mtx,8,cusparse,5.709,5.70,4,32,128,10
H100,/home/tiahi.m/projects/sparse-vs-dense-matmul/data/cant/cant/cant.mtx,8,csr,0.102,318.80,4,32,128,10
H100,/home/tiahi.m/projects/sparse-vs-dense-matmul/data/cant/cant/cant.mtx,8,vcsr,0.436,74.67,4,32,128,10
H100,/home/tiahi.m/projects/sparse-vs-dense-matmul/data/cant/cant/cant.mtx,32,cusparse,1.184,110.04,4,32,128,10
H100,/home/tiahi.m/projects/sparse-vs-dense-matmul/data/cant/cant/cant.mtx,32,csr,1.365,95.38,4,32,128,10
H100,/home/tiahi.m/projects/sparse-vs-dense-matmul/data/cant/cant/cant.mtx,32,vcsr,1.820,71.58,4,32,128,10
H100,/home/tiahi.m/projects/sparse-vs-dense-matmul/data/cant/cant/cant.mtx,64,cusparse,1.249,208.57,4,32,128,10
H100,/home/tiahi.m/projects/sparse-vs-dense-matmul/data/cant/cant/cant.mtx,64,csr,2.722,95.67,4,32,128,10
H100,/home/tiahi.m/projects/sparse-vs-dense-matmul/data/cant/cant/cant.mtx,64,vcsr,3.125,83.34,4,32,128,10
H100,/home/tiahi.m/projects/sparse-vs-dense-matmul/data/cant/cant/cant.mtx,128,cusparse,1.266,411.43,4,32,128,10
H100,/home/tiahi.m/projects/sparse-vs-dense-matmul/data/cant/cant/cant.mtx,128,csr,5.483,95.00,4,32,128,10
H100,/home/tiahi.m/projects/sparse-vs-dense-matmul/data/cant/cant/cant.mtx,128,vcsr,5.291,98.46,4,32,128,10
H100,/home/tiahi.m/projects/sparse-vs-dense-matmul/data/cant/cant/cant.mtx,256,cusparse,1.386,751.93,4,32,128,10
H100,/home/tiahi.m/projects/sparse-vs-dense-matmul/data/cant/cant/cant.mtx,256,csr,12.389,84.10,4,32,128,10
H100,/home/tiahi.m/projects/sparse-vs-dense-matmul/data/cant/cant/cant.mtx,256,vcsr,10.624,98.07,4,32,128,10
H100,/home/tiahi.m/projects/sparse-vs-dense-matmul/data/cant/cant/cant.mtx,512,cusparse,1.621,1285.76,4,32,128,10
H100,/home/tiahi.m/projects/sparse-vs-dense-matmul/data/cant/cant/cant.mtx,512,csr,26.169,79.63,4,32,128,10
H100,/home/tiahi.m/projects/sparse-vs-dense-matmul/data/cant/cant/cant.mtx,512,vcsr,21.276,97.94,4,32,128,10
